"Name","Screen name","Party","Constituency","Followers","New followers in last 24 hours"
"Zarah Sultana","@zarahsultana","Labour","Coventry South",184225,494
"Yvonne Fovargue ","@Y_FovargueMP","Labour","Makerfield",13723,2
"Yvette Cooper ","@YvetteCooperMP","Labour","Normanton, Pontefract and Castleford",321121,109
"Yasmin Qureshi ","@YasminQureshiMP","Labour","Bolton South East",23321,8
"William Wragg ","@William_Wragg","Conservative","Hazel Grove",15182,-1
"William Cash ","@BillCashMP","Conservative","Stone",20593,-6
"Will Quince ","@willquince","Conservative","Colchester",16684,6
"Wes Streeting ","@wesstreeting","Labour","Ilford North",77976,118
"Wera Hobhouse","@Wera_Hobhouse","Liberal Democrat","Bath",21328,0
"Wendy Morton ","@morton_wendy","Conservative","Aldridge-Brownhills",16518,15
"Wendy Chamberlain","@wendychambLD","Liberal Democrat","North East Fife",5973,11
"Wayne David ","@WayneDavid_MP","Labour","Caerphilly",14533,1
"Virendra Sharma ","@VirendraSharma","Labour","Ealing, Southall",19805,4
"Victoria Prentis ","@VictoriaPrentis","Conservative","Banbury",12652,-2
"Vicky Foxcroft ","@vickyfoxcroft","Labour","Lewisham, Deptford",20843,0
"Vicky Ford","@vickyford","Conservative","Chelmsford",20563,0
"Valerie Vaz ","@Valerie_VazMP","Labour","Walsall South",7840,0
"Tulip Siddiq ","@TulipSiddiq","Labour","Hampstead and Kilburn",160346,39
"Tracy Brabin ","@TracyBrabin","Labour","Batley and Spen",66003,6
"Tracey Crouch ","@tracey_crouch","Conservative","Chatham and Aylesford",38983,3
"Tony Lloyd","@tony4rochdale","Labour","Rochdale",9005,1
"Tonia Antoniazzi","@ToniaAntoniazzi","Labour","Gower",15616,1
"Tommy Sheppard ","@TommySheppard","Scottish National Party","Edinburgh East",36280,-1
"Tom Tugendhat ","@TomTugendhat","Conservative","Tonbridge and Malling",80585,696
"Tom Randall","@Tom_Randall","Conservative","Gedling",3824,4
"Tom Pursglove ","@VotePursglove","Conservative","Corby",12837,0
"Tom Hunt","@tomhunt1988","Conservative","Ipswich",9396,4
"Toby Perkins ","@tobyperkinsmp","Labour","Chesterfield",27826,5
"Tobias Ellwood","@Tobias_Ellwood","Conservative","Bournemouth East",63417,99
"Tim Loughton ","@timloughton","Conservative","East Worthing and Shoreham",21040,0
"Tim Farron","@timfarron","Liberal Democrat","Westmorland and Lonsdale",280428,14
"Theresa May ","@theresa_may","Conservative","Maidenhead",997503,37
"Theo Clarke","@theodoraclarke","Conservative","Stafford",7474,-1
"Thangam Debbonaire ","@ThangamMP","Labour","Bristol West",29324,-3
"Tanmanjit Singh Dhesi","@TanDhesi","Labour","Slough",90303,90
"Taiwo Owatemi","@TaiwoOwatemi","Labour","Coventry North West",17880,-5
"Tahir Ali","@TahirAliMP","Labour","Birmingham, Hall Green",3147,3
"Suzanne Webb","@Q66Suzi","Conservative","Stourbridge",4349,0
"Suella Fernandes ","@SuellaBraverman","Conservative","Fareham",30383,-5
"Stuart Paul Anderson","@Stuart4WolvesSW","Conservative","Wolverhampton South West",6564,4
"Stuart C. McDonald ","@Stuart_McDonald","Scottish National Party","Cumbernauld, Kilsyth and Kirkintilloch East",13365,1
"Stuart Andrew","@StuartAndrew","Conservative","Pudsey",19071,-2
"Stewart Malcolm McDonald ","@StewartMcDonald","Scottish National Party","Glasgow South",34658,11
"Stewart Hosie ","@StewartHosieSNP","Scottish National Party","Dundee East",28352,0
"Steven Bonnar","@StevenBonnarSNP","Scottish National Party","Coatbridge, Chryston and Bellshill",3630,5
"Steven Baker ","@SteveBakerHW","Conservative","Wycombe",114071,77
"Steve Reed ","@SteveReedMP","Labour","Croydon North",34390,-3
"Steve McCabe ","@steve_mccabe","Labour","Birmingham, Selly Oak",18156,-1
"Steve Double ","@stevedouble","Conservative","St Austell and Newquay",14350,1
"Steve Brine","@BrineMP","Conservative","Winchester",11211,4
"Stephen Timms ","@stephenctimms","Labour","East Ham",17809,-1
"Stephen Morgan","@StephenMorganMP","Labour","Portsmouth South",13409,12
"Stephen Metcalfe ","@Metcalfe_SBET","Conservative","South Basildon and East Thurrock",7033,2
"Stephen McPartland ","@SMcPartland","Conservative","Stevenage",14670,2
"Stephen Kinnock ","@SKinnock","Labour","Aberavon",34866,-2
"Stephen Hammond","@S_Hammond","Conservative","Wimbledon",19503,1
"Stephen Flynn","@StephenFlynnSNP","Scottish National Party","Aberdeen South",5740,2
"Stephen Farry","@StephenFarryMP","Alliance Party of Northern Ireland","North Down",13993,9
"Stephen Doughty ","@SDoughtyMP","Labour","Cardiff South and Penarth",34670,10
"Stephen Crabb ","@SCrabbPembs","Conservative","Preseli Pembrokeshire",22834,2
"Stephen Barclay ","@SteveBarclay","Conservative","North East Cambridgeshire",32412,-2
"Stephanie Peacock","@Steph_Peacock","Labour","Barnsley East",9983,0
"Stella Creasy ","@stellacreasy","Labour","Walthamstow",144166,61
"Siobhan Baillie","@Siobhan_Baillie","Conservative","Stroud",11014,1
"Siobhain McDonagh","@Siobhain_Mc","Labour","Mitcham and Morden",20992,0
"Simon Jupp","@simonjamesjupp","Conservative","East Devon",6131,1
"Simon Hoare ","@Simon4NDorset","Conservative","North Dorset",18979,4
"Simon Hart ","@Simonhartmp","Conservative","Carmarthen West and South Pembrokeshire",10159,1
"Simon Fell","@simonfell","Conservative","Barrow and Furness",4033,1
"Simon Clarke","@SimonClarkeMP","Conservative","Middlesbrough South and East Cleveland",17385,5
"Simon Baynes","@baynes_simon","Conservative","Clwyd South",4363,3
"Sheryll Murray ","@sheryllmurray","Conservative","South East Cornwall",18412,-2
"Shaun Bailey","@Shaun4WBW","Conservative","West Bromwich West",3747,1
"Sharon Hodgson ","@SharonHodgsonMP","Labour","Washington and Sunderland West",34536,-4
"Shailesh Vara","@ShaileshVara","Conservative","North West Cambridgeshire",4225,0
"Shabana Mahmood ","@ShabanaMahmood","Labour","Birmingham, Ladywood",24239,-2
"Selaine Saxby","@SelaineSaxby","Conservative","North Devon",3973,3
"Seema Malhotra ","@SeemaMalhotra1","Labour","Feltham and Heston",25167,17
"Scott Mann ","@scottmann4NC","Conservative","North Cornwall",8679,4
"Scott Lloyd Benton","@ScottBentonMP","Conservative","Blackpool South",4663,5
"Sarah Owen","@SarahOwen_","Labour","Luton North",19779,1
"Sarah Olney","@sarahjolney1","Liberal Democrat","Richmond Park",16694,4
"Sarah Jones","@LabourSJ","Labour","Croydon Central",21231,-3
"Sarah Green","@SarahGreenLD","Liberal Democrat","Chesham and Amersham",9425,20
"Sarah Dines","@Dines4Dales","Conservative","Derbyshire Dales",1720,2
"Sarah Champion ","@SarahChampionMP","Labour","Rotherham",48445,-3
"Sarah Atherton","@AthertonNWales","Conservative","Wrexham",7127,11
"Sara Britcliffe","@SarBritcliffeMP","Conservative","Hyndburn",5675,8
"Saqib Bhatti","@bhatti_saqib","Conservative","Meriden",7140,0
"Sammy Wilson ","@eastantrimmp","Democratic Unionist Party","East Antrim",21283,-8
"Sam Tarry","@SamTarry","Labour","Ilford South",21337,1
"Sally-Ann Hart","@SallyAnn1066","Conservative","Hastings and Rye",3611,6
"Sajid Javid ","@sajidjavid","Conservative","Bromsgrove",249892,299
"Ruth Jones","@RuthNewportWest","Labour","Newport West",6321,2
"Ruth Edwards","@RuthEdwardsMP","Conservative","Rushcliffe",4042,5
"Ruth Cadbury ","@RuthCadbury","Labour","Brentford and Isleworth",22581,5
"Rushanara Ali ","@rushanaraali","Labour","Bethnal Green and Bow",44130,7
"Royston Smith ","@Royston_Smith","Conservative","Southampton, Itchen",7888,0
"Rosie Duffield","@RosieDuffield1","Labour","Canterbury",36359,5
"Rosie Cooper ","@rosie4westlancs","Labour","West Lancashire",13945,8
"Ronnie Cowan ","@ronniecowan","Scottish National Party","Inverclyde",13207,6
"Roger Gale","@SirRogerGale","Conservative","North Thanet",6440,2
"Robin Walker ","@WalkerWorcester","Conservative","Worcester",14316,0
"Robin John Millar","@RobinMillarMP","Conservative","Aberconwy",3149,11
"Robert Syms ","@RobertSyms","Conservative","Poole",11881,4
"Robert Neill ","@neill_bob","Conservative","Bromley and Chislehurst",17547,7
"Robert Largan","@robertlargan","Conservative","High Peak",6168,9
"Robert Jenrick ","@RobertJenrick","Conservative","Newark",55938,4
"Robert Halfon ","@halfon4harlowMP","Conservative","Harlow",36144,-2
"Robert Courts ","@robertcourts","Conservative","Witney",9580,-1
"Robert Buckland ","@RobertBuckland","Conservative","South Swindon",28967,11
"Robbie Moore","@_RobbieMoore","Conservative","Keighley",4893,1
"Rob Butler","@AylesburyTories","Conservative","Aylesbury",1041,0
"Rishi Sunak","@RishiSunak","Conservative","Richmond (Yorks)",477275,72
"Richard Holden","@RicHolden","Conservative","North West Durham",8343,2
"Richard Graham ","@RichardGrahamUK","Conservative","Gloucester",12544,2
"Richard Gordon Thomson","@RThomsonMP","Scottish National Party","Gordon",3068,2
"Richard Burgon ","@RichardBurgon","Labour","Leeds East",143097,227
"Richard Bacon","@richardbaconmp","Conservative","South Norfolk",1589,1
"Rehman Chishti ","@Rehman_Chishti","Conservative","Gillingham and Rainham",19064,-4
"Rebecca Pow ","@pow_rebecca","Conservative","Taunton Deane",13794,1
"Rebecca Long-Bailey","@RLong_Bailey","Labour","Salford and Eccles",185876,29
"Rebecca Harris ","@RebeccaHarrisMP","Conservative","Castle Point",6761,-1
"Ranil Jayawardena ","@TeamRanil","Conservative","North East Hampshire",2056,0
"Rachel Reeves ","@RachelReevesMP","Labour","Leeds West",105133,14
"Rachel Maclean","@redditchrachel","Conservative","Redditch",10862,3
"Rachel Hopkins","@rach_hopkins","Labour","Luton South",7917,1
"Rachael Maskell ","@RachaelMaskell","Labour","York Central",29342,3
"Priti Patel ","@pritipatel","Conservative","Witham",346743,212
"Preet Gill","@PreetKGillMP","Labour","Birmingham, Edgbaston",36890,19
"Philip Dunne","@Dunne4Ludlow","Conservative","Ludlow",11786,0
"Philip Davies ","@PhilipDaviesUK","Conservative","Shipley",20789,-4
"Peter Kyle ","@peterkyle","Labour","Hove",42312,17
"Peter Grant ","@PeterGrantMP","Scottish National Party","Glenrothes",16456,7
"Peter Gibson","@Gibbo4Darlo","Conservative","Darlington",3220,1
"Peter Dowd ","@Peter_Dowd","Labour","Bootle",16148,-1
"Peter Bone ","@PeterBoneUK","Conservative","Wellingborough",39495,-3
"Peter Aldous ","@peter_aldous","Conservative","Waveney",11249,0
"Pete Wishart ","@PeteWishart","Scottish National Party","Perth and North Perthshire",50410,6
"Penny Mordaunt ","@PennyMordaunt","Conservative","Portsmouth North",81076,10
"Pauline Latham ","@Pauline_Latham","Conservative","Mid Derbyshire",20156,-3
"Paula Barker","@PaulaBarkerMP","Labour","Liverpool, Wavertree",14566,15
"Paul Scully ","@scullyp","Conservative","Sutton and Cheam",15490,7
"Paul Maynard ","@PaulMaynardUK","Conservative","Blackpool North and Cleveleys",18997,2
"Paul Maskey ","@PaulMaskeyMP","Sinn Féin","Belfast West",19611,8
"Paul Howell","@PaulHowellMP","Conservative","Sedgefield",2721,1
"Paul Holmes","@pauljholmes","Conservative","Eastleigh",6927,3
"Paul Girvan","@PaulGirvanMP","Democratic Unionist Party","South Antrim",6361,2
"Paul Bristow","@paulbristow79","Conservative","Peterborough",9067,4
"Paul Blomfield ","@PaulBlomfieldMP","Labour","Sheffield Central",21672,3
"Patrick Grady ","@GradySNP","Scottish National Party","Glasgow North",16805,2
"Patricia Gibson ","@PGibsonSNP","Scottish National Party","North Ayrshire and Arran",13266,5
"Pat McFadden ","@patmcfaddenmp","Labour","Wolverhampton South East",24990,53
"Owen Thompson ","@OwenThompson","Scottish National Party","Midlothian",7685,2
"Owen Paterson ","@OwenPaterson","Conservative","North Shropshire",49991,17
"Órfhlaith Begley","@OrfhlaithBegley","Sinn Féin","West Tyrone",7923,3
"Olivia Frances Blake","@_OliviaBlake","Labour","Sheffield, Hallam",14747,30
"Oliver Heald QC ","@OliverHealdUK","Conservative","North East Hertfordshire",11551,1
"Oliver Dowden","@OliverDowden","Conservative","Hertsmere",35236,2
"Nusrat Ghani ","@Nus_Ghani","Conservative","Wealden",23768,36
"Nigel Mills ","@nigelmills","Conservative","Amber Valley",5360,1
"Nigel Huddleston ","@HuddlestonNigel","Conservative","Mid Worcestershire",16632,7
"Nigel Evans","@nigelmp","Conservative","Ribble Valley",13643,-5
"Nigel Adams","@nadams","Conservative","Selby and Ainsty",13930,0
"Nicola Faye Richards","@Nicola4WBE","Conservative","West Bromwich East",8168,7
"Nickie Aiken","@twocitiesnickie","Conservative","Cities of London and Westminster",2915,-3
"Nick Thomas-Symonds ","@NickTorfaen","Labour","Torfaen",31616,11
"Nick Smith ","@BlaenauGwentMP","Labour","Blaenau Gwent",10073,-1
"Nick Gibb","@NickGibbUK","Conservative","Bognor Regis and Littlehampton",18569,4
"Nicholas Fletcher","@NickFletcherMP","Conservative","Don Valley",2947,1
"Nia Griffith ","@NiaGriffithMP","Labour","Llanelli",17847,3
"Neil Parish ","@neil_parish","Conservative","Tiverton and Honiton",6632,6
"Neil O'Brien","@NeilDotObrien","Conservative","Harborough",34141,-10
"Neil Hudson","@DrNeilHudson","Conservative","Penrith and The Border",3395,9
"Neil Gray ","@neilgraysnp","Scottish National Party","Airdrie and Shotts",15565,2
"Neil Coyle ","@coyleneil","Labour","Bermondsey and Old Southwark",26699,-2
"Neale Hanvey","@JNHanvey","Scottish National Party","Kirkcaldy and Cowdenbeath",6283,25
"Naz Shah ","@NazShahBfd","Labour","Bradford West",52649,8
"Nav Mishra","@NavPMishra","Labour","Stockport",11523,2
"Natalie Elphicke","@NatalieElphicke","Conservative","Dover",6676,-8
"Nadia Whittome","@NadiaWhittomeMP","Labour","Nottingham East",75494,-10
"Nadhim Zahawi ","@nadhimzahawi","Conservative","Stratford-on-Avon",63600,33
"Munira Wilson","@munirawilson","Liberal Democrat","Twickenham",13785,17
"Mohammad Yasin","@YasinForBedford","Labour","Bedford",2753,1
"Mims Davies ","@mimsdavies","Conservative","Mid Sussex",16313,14
"Mike Wood ","@mikejwood","Conservative","Dudley South",6849,4
"Mike Kane ","@MikeKaneMP","Labour","Wythenshawe and Sale East",11360,-3
"Mike Amesbury","@MikeAmesburyMP","Labour","Weaver Vale",11267,9
"Mickey Brady ","@MickeyBradySF","Sinn Féin","Newry and Armagh",5181,1
"Mick Whitley","@MickWhitleyMP","Labour","Birkenhead",11326,6
"Michelle Gildernew","@gildernewm","Sinn Féin","Fermanagh and South Tyrone",20106,16
"Michelle Donelan ","@michelledonelan","Conservative","Chippenham",18716,-4
"Michael Tomlinson ","@Michael4MDNP","Conservative","Mid Dorset and North Poole",10296,-2
"Michael Gove ","@michaelgove","Conservative","Surrey Heath",225307,40
"Michael Fabricant ","@Mike_Fabricant","Conservative","Lichfield",41143,11
"Michael Ellis ","@Michael_Ellis1","Conservative","Northampton North",13508,0
"Mhairi Black ","@MhairiBlack","Scottish National Party","Paisley and Renfrewshire South",195734,2
"Mel Stride","@MelJStride","Conservative","Central Devon",6237,5
"Meg Hillier ","@Meg_HillierMP","Labour","Hackney South and Shoreditch",20184,-1
"Matthew Pennycook ","@mtpennycook","Labour","Greenwich and Woolwich",21728,-3
"Matthew Offord","@Offord4Hendon","Conservative","Hendon",9835,2
"Matthew Hancock ","@MattHancock","Conservative","West Suffolk",436456,-38
"Matt Western","@MattWestern_","Labour","Warwick and Leamington",9402,1
"Matt Warman ","@mattwarman","Conservative","Boston and Skegness",19602,1
"Matt Vickers","@Matt_VickersMP","Conservative","Stockton South",5955,0
"Matt Rodda","@MattRodda","Labour","Reading East",6684,0
"Mary Robinson ","@MaryRobinson01","Conservative","Cheadle",9474,1
"Mary Glindon","@GlindonMary","Labour","North Tyneside",917,0
"Mary Foy","@marykfoy","Labour","City of Durham",13112,6
"Martyn Day ","@MartynDaySNP","Scottish National Party","Linlithgow and East Falkirk",10958,3
"Martin Vickers ","@MartinVickers","Conservative","Cleethorpes",12883,-2
"Martin Docherty-Hughes","@MartinJDocherty","Scottish National Party","West Dunbartonshire",13602,0
"Marsha de Cordova","@MarshadeCordova","Labour","Battersea",39790,13
"Mark Tami ","@MarkTamiMP","Labour","Alyn and Deeside",9497,0
"Mark Spencer ","@Mark_Spencer","Conservative","Sherwood",18028,4
"Mark Pritchard ","@MPritchardUK","Conservative","The Wrekin",10637,3
"Mark Pawsey ","@MarkPawsey","Conservative","Rugby",7423,3
"Mark Jenkinson","@markjenkinsonmp","Conservative","Workington",5253,2
"Mark Hendrick","@MpHendrick","Labour","Preston",5057,1
"Mark Harper ","@Mark_J_Harper","Conservative","Forest of Dean",36110,18
"Mark Garnier ","@Mark4WyreForest","Conservative","Wyre Forest",15878,-2
"Mark Eastwood","@mark4dewsbury","Conservative","Dewsbury",4565,4
"Marion Fellows ","@marionfellows","Scottish National Party","Motherwell and Wishaw",11886,4
"Marie Rimmer ","@MarieRimmer","Labour","St Helens South and Whiston",13059,3
"Maria Miller ","@MariaMillerUK","Conservative","Basingstoke",21120,14
"Maria Eagle ","@meaglemp","Labour","Garston and Halewood",47575,1
"Maria Caulfield ","@mariacaulfield","Conservative","Lewes",21458,-4
"Margaret Hodge ","@margarethodge","Labour","Barking",49092,5
"Margaret Greenwood ","@MGreenwoodWW","Labour","Wirral West",21650,4
"Margaret Ferrier ","@MargaretFerrier","Independent","Rutherglen and Hamilton West",16358,1
"Marcus Jones ","@Marcus4Nuneaton","Conservative","Nuneaton",9524,2
"Marcus Fysh ","@MarcusFysh","Conservative","Yeovil",17198,0
"Marco Longhi","@marcolonghi4dn","Conservative","Dudley North",3694,4
"Maggie Throup ","@maggie_erewash","Conservative","Erewash",1382,5
"Lyn Brown ","@lynbrownmp","Labour","West Ham",13563,-1
"Luke Pollard","@LukePollard","Labour","Plymouth, Sutton and Devonport",36257,8
"Luke Hall ","@LukeHall","Conservative","Thornbury and Yate",5069,1
"Luke Evans","@drlukeevans","Conservative","Bosworth",8518,5
"Lucy Powell ","@LucyMPowell","Labour","Manchester Central",58256,-2
"Lucy Frazer ","@lucyfrazermp","Conservative","South East Cambridgeshire",8974,-2
"Lucy Allan ","@lucyallan","Conservative","Telford",29138,4
"Louise Haigh ","@LouHaigh","Labour","Sheffield, Heeley",47908,4
"Lloyd Russell-Moyle","@lloyd_rm","Labour","Brighton, Kemptown",30398,-14
"Liz Twist","@LizTwistMP","Labour","Blaydon",4235,3
"Liz Saville Roberts ","@LSRPlaid","Plaid Cymru","Dwyfor Meirionnydd",18226,12
"Liz Kendall ","@leicesterliz","Labour","Leicester West",93606,-3
"Lisa Nandy ","@lisanandy","Labour","Wigan",218426,283
"Lisa Cameron","@DrLisaCameronMP","Scottish National Party","East Kilbride, Strathaven and Lesmahagow",14039,5
"Lindsay Hoyle","@LindsayHoyle_MP","Speaker","Chorley",38672,-3
"Lilian Greenwood ","@LilianGreenwood","Labour","Nottingham South",29368,4
"Liam Byrne ","@liambyrnemp","Labour","Birmingham, Hodge Hill",36672,-1
"Lia Nici","@lia_nici","Conservative","Great Grimsby",3295,5
"Leo Docherty","@LeoDochertyUK","Conservative","Aldershot",6846,18
"Lee Benjamin Rowley","@Lee4NED","Conservative","North East Derbyshire",9843,-1
"Lee Anderson","@LeeAndersonMP","Conservative","Ashfield",150,-1
"Layla Moran","@LaylaMoran","Liberal Democrat","Oxford West and Abingdon",69582,49
"Laurence Robertson ","@lrobertsonTewks","Conservative","Tewkesbury",4086,4
"Laura Farris","@Laura__Farris","Conservative","Newbury",6646,2
"Kwasi Kwarteng ","@KwasiKwarteng","Conservative","Spelthorne",23040,41
"Kit Malthouse ","@kitmalthouse","Conservative","North West Hampshire",17121,14
"Kirsty Blackman ","@KirstySNP","Scottish National Party","Aberdeen North",25855,13
"Kirsten Oswald ","@kirstenoswald","Scottish National Party","East Renfrewshire",15751,8
"Kim Johnson","@KimJohnsonMP","Labour","Liverpool, Riverside",15216,16
"Kieran John Mullan","@KieranMullanUK","Conservative","Crewe and Nantwich",4007,4
"Khalid Mahmood","@khalid4PB","Labour","Birmingham, Perry Barr",6691,4
"Kevin Hollinrake ","@kevinhollinrake","Conservative","Thirsk and Malton",11777,-3
"Kevin Foster ","@kevin_j_foster","Conservative","Torbay",7742,-1
"Kevin Brennan ","@KevinBrennanMP","Labour","Cardiff West",25157,6
"Kevan Jones ","@KevanJonesMP","Labour","North Durham",22775,2
"Kerry McCarthy ","@KerryMP","Labour","Bristol East",32402,-2
"Kenny MacAskill","@KennyMacAskill","Scottish National Party","East Lothian",19801,6
"Kemi Badenoch","@KemiBadenoch","Conservative","Saffron Walden",43979,2
"Kelly Tolhurst ","@KellyTolhurst","Conservative","Rochester and Strood",15181,-3
"Keir Starmer ","@Keir_Starmer","Labour","Holborn and St Pancras",1115600,88
"Katherine Fletcher","@K_Fletcher_MP","Conservative","South Ribble",3818,3
"Kate Osborne","@KateOsborneMP","Labour","Jarrow",12004,-5
"Kate Osamor ","@KateOsamor","Labour","Edmonton",35536,14
"Kate Hollern ","@Kate_HollernMP","Labour","Blackburn",9015,1
"Kate Green ","@KateGreenSU","Labour","Stretford and Urmston",50265,9
"Karl Turner ","@KarlTurnerMP","Labour","Kingston upon Hull East",34540,18
"Karl McCartney ","@karlmccartney","Conservative","Lincoln",10818,0
"Karin Smyth ","@karinsmyth","Labour","Bristol South",12401,0
"Karen Buck ","@KarenPBuckMP","Labour","Westminster North",18085,3
"Justin Tomlinson ","@JustinTomlinson","Conservative","North Swindon",20842,-3
"Justin Madders ","@justinmadders","Labour","Ellesmere Port and Neston",27539,5
"Julie Marson","@JulieMarsonMP","Conservative","Hertford and Stortford",4135,3
"Julie Elliott ","@JulieElliottMP","Labour","Sunderland Central",20999,-5
"Julian Sturdy","@JulianSturdy","Conservative","York Outer",2062,0
"Julian Smith ","@JulianSmithUK","Conservative","Skipton and Ripon",32956,-9
"Julian Knight ","@julianknight15","Conservative","Solihull",12104,1
"Julia Lopez","@JuliaLopezMP","Conservative","Hornchurch and Upminster",6439,2
"Judith Cummins ","@JudithCummins","Labour","Bradford South",14860,5
"Joy Morrissey","@joymorrissey","Conservative","Beaconsfield",16149,30
"Jonathan Reynolds ","@jreynoldsMP","Labour","Stalybridge and Hyde",48456,11
"Jonathan Lord","@JonathanLord","Conservative","Woking",2482,3
"Jonathan Djanogly ","@JDjanogly","Conservative","Huntingdon",19193,0
"Jonathan Ashworth ","@JonAshworth","Labour","Leicester South",102827,51
"Jon Trickett ","@jon_trickett","Labour","Hemsworth",59819,207
"Jon Cruddas ","@JonCruddas_1","Labour","Dagenham and Rainham",21279,0
"Johnny Mercer ","@JohnnyMercerUK","Conservative","Plymouth, Moor View",95568,116
"Johnny McNally","@JohnMcNallySNP","Scottish National Party","Falkirk",9273,6
"John Whittingdale ","@JWhittingdale","Conservative","Maldon",8736,1
"John Stevenson ","@John4Carlisle","Conservative","Carlisle",13394,-2
"John Spellar ","@spellar","Labour","Warley",10874,6
"John Redwood ","@johnredwood","Conservative","Wokingham",106193,111
"John Penrose ","@JohnPenroseNews","Conservative","Weston-super-Mare",37251,-4
"John Nicolson ","@MrJohnNicolson","Scottish National Party","Ochil and South Perthshire",33780,13
"John McDonnell ","@johnmcdonnellMP","Labour","Hayes and Harlington",296409,58
"John Lamont","@John2Win","Conservative","Berwickshire, Roxburgh and Selkirk",11744,1
"John Howell ","@JHowellUK","Conservative","Henley",7657,3
"John Healey ","@JohnHealey_MP","Labour","Wentworth and Dearne",29439,-3
"John Glen ","@JohnGlenUK","Conservative","Salisbury",22752,-8
"John Finucane","@johnfinucane","Sinn Féin","Belfast North",30949,11
"John Cryer","@JohnCryerMP","Labour","Leyton and Wanstead",5848,7
"Joanna Cherry QC ","@joannaccherry","Scottish National Party","Edinburgh South West",112400,51
"Jo Stevens ","@JoStevensLabour","Labour","Cardiff Central",33182,2
"Jo Gideon","@jogideon","Conservative","Stoke-on-Trent Central",4090,3
"Jo Churchill ","@Jochurchill4","Conservative","Bury St Edmunds",12602,0
"Jim Shannon ","@JimShannonMP","Democratic Unionist Party","Strangford",2963,4
"Jim McMahon ","@JimfromOldham","Labour","Oldham West and Royton",26110,1
"Jill Mortimer","@Jill4Hartlepool","Conservative","Hartlepool",3245,-1
"Jessica Morden ","@jessicamordenmp","Labour","Newport East",13726,6
"Jesse Norman ","@Jesse_Norman","Conservative","Hereford and South Herefordshire",26523,-1
"Jess Phillips ","@jessphillips","Labour","Birmingham, Yardley",443245,121
"Jerome Mayhew","@JeromeMayhew","Conservative","Broadland",2379,9
"Jeremy Hunt ","@Jeremy_Hunt","Conservative","South West Surrey",222481,-4
"Jeremy Corbyn ","@jeremycorbyn","Independent","Islington North",2441455,-19
"Jeffrey M. Donaldson ","@J_Donaldson_MP","Democratic Unionist Party","Lagan Valley",25091,11
"Jeff Smith ","@JeffSmithetc","Labour","Manchester, Withington",10776,1
"Jason McCartney ","@JasonMcCartney","Conservative","Colne Valley",17748,1
"Janet Daby","@JanetDaby","Labour","Lewisham East",11476,2
"Jane Stevenson","@Jane_Stevenson_","Conservative","Wolverhampton North East",4626,2
"Jane Hunt","@JaneMHunt","Conservative","Loughborough",3140,4
"Jamie Stone","@Jamie4North","Liberal Democrat","Caithness, Sutherland and Easter Ross",12958,4
"Jamie Hamilton Wallis","@JamieWallisMP","Conservative","Bridgend",2598,8
"James Wild","@jamesowild","Conservative","North West Norfolk",2666,5
"James Sunderland","@JamesSunderl","Conservative","Bracknell",3209,7
"James Murray","@jamesmurray_ldn","Labour","Ealing North",8591,4
"James Morris","@JamesMorris","Conservative","Halesowen and Rowley Regis",8725,4
"James Heappey ","@JSHeappey","Conservative","Wells",14742,161
"James Gray ","@JGray","Conservative","North Wiltshire",18419,0
"James Duddridge ","@JamesDuddridge","Conservative","Rochford and Southend East",31058,9
"James Davies","@JamesDavies","Conservative","Vale of Clwyd",5877,2
"James Daly","@JamesDalyMP","Conservative","Bury North",4640,9
"James Cleverly ","@JamesCleverly","Conservative","Braintree",101395,127
"James Cartlidge ","@jc4southsuffolk","Conservative","South Suffolk",9607,2
"James Brokenshire ","@JBrokenshire","Conservative","Old Bexley and Sidcup",29948,-7
"Jake Berry ","@JakeBerry","Conservative","Rossendale and Darwen",20080,-2
"Jacob Young","@JacobYoungMP","Conservative","Redcar",10260,5
"Jacob Rees-Mogg ","@Jacob_Rees_Mogg","Conservative","North East Somerset",433908,21
"Jackie Doyle-Price ","@JackieDP","Conservative","Thurrock",12796,2
"Jack Lopresti ","@JackLopresti","Conservative","Filton and Bradley Stoke",8541,2
"Jack Dromey ","@JackDromeyMP","Labour","Birmingham, Erdington",24802,0
"Imran Nasir Ahmad Khan","@imranahmadkhan","Conservative","Wakefield",6048,-2
"Imran Hussain ","@Imran_HussainMP","Labour","Bradford East",18989,1
"Ian Murray ","@IanMurrayMP","Labour","Edinburgh South",32974,6
"Ian Mearns ","@IanMearnsMP","Labour","Gateshead",28162,-3
"Ian Lavery ","@IanLaveryMP","Labour","Wansbeck",84471,21
"Ian Byrne","@IanByrneMP","Labour","Liverpool, West Derby",29551,16
"Ian Blackford ","@Ianblackford_MP","Scottish National Party","Ross, Skye and Lochaber",112604,100
"Iain Stewart ","@iainastewart","Conservative","Milton Keynes South",18144,-10
"Iain Duncan Smith","@MPIainDS","Conservative","Chingford and Woodford Green",54048,96
"Hywel Williams ","@HywelPlaidCymru","Plaid Cymru","Arfon",10105,0
"Huw Merriman ","@HuwMerriman","Conservative","Bexhill and Battle",20078,8
"Holly Lynch ","@HollyLynch5","Labour","Halifax",24217,14
"Hilary Benn ","@hilarybennmp","Labour","Leeds Central",163582,32
"Henry Smith ","@HenrySmithUK","Conservative","Crawley",16991,-3
"Helen Whately ","@Helen_Whately","Conservative","Faversham and Mid Kent",24327,1
"Helen Hayes ","@helenhayes_","Labour","Dulwich and West Norwood",23655,6
"Helen Grant ","@HelenGrantMP","Conservative","Maidstone and The Weald",20984,97
"Heather Wheeler ","@HeatherWheeler","Conservative","South Derbyshire",19945,-3
"Harriett Baldwin ","@hbaldwin","Conservative","West Worcestershire",27741,1
"Harriet Harman QC ","@HarrietHarman","Labour","Camberwell and Peckham",181229,10
"Hannah Bardell ","@HannahB4LiviMP","Scottish National Party","Livingston",24890,-2
"Guy Opperman ","@GuyOpperman","Conservative","Hexham",20089,-2
"Greg Smith","@gregsmith_uk","Conservative","Buckingham",6953,9
"Greg Knight ","@GregKnight","Conservative","East Yorkshire",11217,3
"Greg Hands ","@GregHands","Conservative","Chelsea and Fulham",38321,11
"Greg Clark","@GregClarkMP","Conservative","Tunbridge Wells",32438,1
"Grant Shapps ","@grantshapps","Conservative","Welwyn Hatfield",141601,315
"Grahame Morris ","@grahamemorris","Labour","Easington",32398,0
"Graham Stuart ","@grahamstuart","Conservative","Beverley and Holderness",17191,-1
"Graham Brady","@SirGrahamBrady","Conservative","Altrincham and Sale West",19072,-4
"Gillian Keegan","@GillianKeegan","Conservative","Chichester",12620,2
"Gill Furniss ","@GillFurnissMP","Labour","Sheffield, Brightside and Hillsborough",6486,-2
"Giles Watling","@GilesWatling","Conservative","Clacton",4325,2
"Gerald Jones ","@GeraldJonesLAB","Labour","Merthyr Tydfil and Rhymney",7072,0
"Geraint Davies ","@GeraintDaviesMP","Labour","Swansea West",15389,-1
"George Freeman ","@GeorgeFreemanMP","Conservative","Mid Norfolk",28289,-1
"Geoffrey Cox QC ","@Geoffrey_Cox","Conservative","Torridge and West Devon",40642,-1
"Gavin Williamson ","@GavinWilliamson","Conservative","South Staffordshire",99890,16
"Gavin Robinson ","@GRobinsonDUP","Democratic Unionist Party","Belfast East",14520,0
"Gavin Newlands ","@GavNewlandsSNP","Scottish National Party","Paisley and Renfrewshire North",14427,-2
"Gary Streeter ","@garystreeterSWD","Conservative","South West Devon",4749,-2
"Gary Sambrook","@GarySambrook89","Conservative","Birmingham, Northfield",4463,7
"Gareth Thomas ","@GarethThomasMP","Labour","Harrow West",16743,5
"Gareth Davies","@GarethDavies_MP","Conservative","Grantham and Stamford",6997,1
"Gareth Bacon","@GarethBaconMP","Conservative","Orpington",5712,9
"Gagan Mohindra","@gaganmohindra","Conservative","South West Hertfordshire",4030,5
"Francie Molloy ","@FrancieMolloy","Sinn Féin","Mid Ulster",7763,5
"Florence Eshalomi","@FloEshalomi","Labour","Vauxhall",25620,16
"Fleur Anderson","@PutneyFleur","Labour","Putney",12339,-1
"Feryal Clark","@FeryalClark","Labour","Enfield North",10487,7
"Felicity Buchan","@FelicityBuchan","Conservative","Kensington",6029,14
"Fay Alicia Jones","@JonesyFay","Conservative","Brecon and Radnorshire",6046,5
"Fabian Hamilton","@FabianLeedsNE","Labour","Leeds North East",6469,-1
"Esther McVey","@EstherMcVey1","Conservative","Tatton",62601,-4
"Emma Lewell-Buck ","@EmmaLewellBuck","Labour","South Shields",25251,-5
"Emma Hardy","@EmmaHardyMP","Labour","Kingston upon Hull West and Hessle",28427,8
"Emily Thornberry ","@EmilyThornberry","Labour","Islington South and Finsbury",216211,5
"Elliot Colburn","@ElliotColburn","Conservative","Carshalton and Wallington",7387,6
"Ellie Reeves","@elliereeves","Labour","Lewisham West and Penge",22470,3
"Elizabeth Truss ","@trussliz","Conservative","South West Norfolk",123804,48
"Eleanor Laing ","@eleanor4epping","Conservative","Epping Forest",9475,4
"Edward Timpson","@edwardtimpson","Conservative","Eddisbury",6495,3
"Edward Miliband ","@Ed_Miliband","Labour","Doncaster North",768504,-30
"Edward Leigh ","@EdwardLeighMP","Conservative","Gainsborough",13869,0
"Edward Davey","@EdwardJDavey","Liberal Democrat","Kingston and Surbiton",66119,35
"Eddie Hughes","@EddieHughes4WN","Conservative","Walsall North",11833,2
"Duncan Charles Baker","@duncancbaker","Conservative","North Norfolk",3359,10
"Drew Hendry ","@drewhendrySNP","Scottish National Party","Inverness, Nairn, Badenoch and Strathspey",15957,4
"Dr Thérèse Coffey ","@theresecoffey","Conservative","Suffolk Coastal",26124,6
"Dr Rupa Huq ","@RupaHuq","Labour","Ealing Central and Acton",46487,15
"Dr Rosena Allin-Khan ","@DrRosena","Labour","Tooting",189311,17
"Dr Philippa Whitford ","@Dr_PhilippaW","Scottish National Party","Central Ayrshire",37399,15
"Dr Liam Fox ","@LiamFox","Conservative","North Somerset",103268,-12
"Dr Caroline Johnson ","@drcarolinej","Conservative","Sleaford and North Hykeham",6253,1
"Dr Andrew Murrison ","@AWMurrison","Conservative","South West Wiltshire",15598,2
"Dr Alan Whitehead ","@alanwhiteheadmp","Labour","Southampton, Test",8195,0
"Douglas Ross","@Douglas4Moray","Conservative","Moray",35308,70
"Douglas Chapman ","@DougChapmanSNP","Scottish National Party","Dunfermline and West Fife",14715,6
"Dominic Raab","@DominicRaab","Conservative","Esher and Walton",334576,555
"Diane Abbott ","@HackneyAbbott","Labour","Hackney North and Stoke Newington",379239,71
"Diana Johnson ","@DianaJohnsonMP","Labour","Kingston upon Hull North",27866,4
"Desmond Swayne ","@DesmondSwayne","Conservative","New Forest West",47518,26
"Derek Twigg ","@DerekTwiggMP","Labour","Halton",7096,0
"Derek Thomas ","@DerekThomasUK","Conservative","St Ives",5291,6
"Deidre Brock ","@DeidreBrock","Scottish National Party","Edinburgh North and Leith",16895,6
"Dehenna Davison","@DehennaDavison","Conservative","Bishop Auckland",41496,18
"Debbie Abrahams ","@Debbie_abrahams","Labour","Oldham East and Saddleworth",52493,-2
"Dean Russell","@dean4watford","Conservative","Watford",3698,6
"Dawn Butler ","@DawnButlerBrent","Labour","Brent Central",230676,195
"David Warburton ","@DJWarburton","Conservative","Somerton and Frome",14685,-4
"David T. C. Davies ","@DavidTCDavies","Conservative","Monmouth",15840,2
"David Simmonds","@DSimmonds_RNP","Conservative","Ruislip, Northwood and Pinner",3419,8
"David Rutley ","@DavidRutley","Conservative","Macclesfield",13248,-1
"David Mundell ","@DavidMundellDCT","Conservative","Dumfriesshire, Clydesdale & Tweeddale",16663,-2
"David Morris ","@davidmorrisml","Conservative","Morecambe and Lunesdale",14154,2
"David Linden","@DavidLinden","Scottish National Party","Glasgow East",12581,3
"David Lammy ","@DavidLammy","Labour","Tottenham",733625,141
"David Jones ","@DavidJonesMP","Conservative","Clwyd West",13885,0
"David Johnston","@david4wantage","Conservative","Wantage",2514,2
"David Evennett ","@DavidEvennett","Conservative","Bexleyheath and Crayford",14104,3
"David Duguid","@david_duguid","Conservative","Banff and Buchan",6141,3
"David Davis ","@DavidDavisMP","Conservative","Haltemprice and Howden",176791,79
"David Amess","@amessd_southend","Conservative","Southend West",4729,2
"Dave Doogan","@DaveDooganSNP","Scottish National Party","Angus",3994,0
"Darren Jones","@darrenpjones","Labour","Bristol North West",29152,0
"Darren George Henry","@DarrenG_Henry","Conservative","Broxtowe",9832,4
"Danny Kruger","@danny__kruger","Conservative","Devizes",10717,3
"Daniel Zeichner ","@DanielZeichner","Labour","Cambridge",20774,1
"Daniel Kawczynski ","@DKShrewsbury","Conservative","Shrewsbury and Atcham",25370,12
"Dan Jarvis ","@DanJarvisMP","Labour","Barnsley Central",72013,37
"Dan Carden","@DanCardenMP","Labour","Liverpool, Walton",51957,-3
"Damian Hinds","@DamianHinds","Conservative","East Hampshire",33588,8
"Damian Green ","@DamianGreen","Conservative","Ashford",20296,-1
"Damian Collins ","@DamianCollins","Conservative","Folkestone and Hythe",30185,-2
"Daisy Cooper","@libdemdaisy","Liberal Democrat","St Albans",20581,28
"Crispin Blunt ","@CrispinBlunt","Conservative","Reigate",11684,1
"Craig Williams ","@craig4monty","Conservative","Montgomeryshire",5317,2
"Craig Whittaker ","@CWhittaker_MP","Conservative","Calder Valley",9571,2
"Craig Tracey ","@craig4nwarks","Conservative","North Warwickshire",9187,2
"Craig Mackinlay ","@cmackinlay","Conservative","South Thanet",11466,4
"Conor McGinn ","@ConorMcGinn","Labour","St Helens North",17546,12
"Conor Burns","@ConorBurnsUK","Conservative","Bournemouth West",23218,9
"Colum Eastwood","@columeastwood","Social Democratic and Labour Party","Foyle",39413,9
"Clive Lewis ","@labourlewis","Labour","Norwich South",110190,104
"Clive Efford ","@CliveEfford","Labour","Eltham",14242,2
"Claudia Webbe","@ClaudiaWebbe","Independent","Leicester East",54296,39
"Claire Hanna","@ClaireHanna","Social Democratic and Labour Party","Belfast South",35927,5
"Claire Coutinho","@ClaireCoutinho","Conservative","East Surrey",7591,6
"Christopher Pincher ","@ChrisPincher","Conservative","Tamworth",20632,-6
"Christopher Hazzard","@ChrisHazzardSF","Sinn Féin","South Down",22328,12
"Christine Jardine","@cajardineMP","Liberal Democrat","Edinburgh West",14106,4
"Christina Rees ","@Rees4Neath","Labour","Neath",11315,3
"Christian Wakeford","@Christian4BuryS","Conservative","Bury South",4741,2
"Christian Matheson ","@ChrisM4Chester","Labour","City of Chester",14725,2
"Chris Stephens ","@ChrisStephens","Scottish National Party","Glasgow South West",16304,0
"Chris Skidmore","@CSkidmoreUK","Conservative","Kingswood",22651,-2
"Chris Philp ","@CPhilpOfficial","Conservative","Croydon South",13103,7
"Chris Loder","@chrisloder","Conservative","West Dorset",5951,4
"Chris Law ","@ChrisLawSNP","Scottish National Party","Dundee West",19467,4
"Chris Heaton-Harris ","@chhcalling","Conservative","Daventry",22233,-2
"Chris Green","@CGreenUK","Conservative","Bolton West",12992,1
"Chris Evans","@Chris_EvansMP","Labour","Islwyn",6741,3
"Chris Elmore ","@CPJElmore","Labour","Ogmore",10842,4
"Chris Clarkson","@ChrisClarksonMP","Conservative","Heywood and Middleton",5600,4
"Chris Bryant ","@RhonddaBryant","Labour","Rhondda",72594,-1
"Chloe Smith","@NorwichChloe","Conservative","Norwich North",18524,3
"Chi Onwurah ","@ChiOnwurah","Labour","Newcastle upon Tyne Central",45050,-1
"Cherilyn Mackrory","@thisischerilyn","Conservative","Truro and Falmouth",2905,3
"Charlotte Nichols","@charlotte2153","Labour","Warrington North",22450,5
"Charles Walker","@CharlesWalkerMP","Conservative","Broxbourne",30298,-10
"Catherine West ","@CatherineWest1","Labour","Hornsey and Wood Green",31006,3
"Catherine McKinnell ","@CatMcKinnell","Labour","Newcastle upon Tyne North",28377,-1
"Cat Smith ","@CatSmithMP","Labour","Lancaster and Fleetwood",40895,2
"Carolyn Harris ","@carolynharris24","Labour","Swansea East",26905,4
"Caroline Nokes","@carolinenokes","Conservative","Romsey and Southampton North",22825,2
"Caroline Lucas ","@CarolineLucas","Green Party","Brighton, Pavilion",509509,129
"Caroline Dinenage ","@cj_dinenage","Conservative","Gosport",22049,4
"Caroline Ansell ","@Caroline_Ansell","Conservative","Eastbourne",5952,3
"Carol Monaghan ","@CMonaghanSNP","Scottish National Party","Glasgow North West",20515,2
"Carla Lockhart","@carlalockhart","Democratic Unionist Party","Upper Bann",9204,0
"Bridget Phillipson ","@bphillipsonMP","Labour","Houghton and Sunderland South",38142,-9
"Brendan O'Hara ","@BrendanOHaraMP","Scottish National Party","Argyll and Bute",14689,5
"Brendan Clarke-Smith","@Bren4Bassetlaw","Conservative","Bassetlaw",3195,0
"Brandon Lewis ","@BrandonLewis","Conservative","Great Yarmouth",59042,-2
"Boris Johnson ","@BorisJohnson","Conservative","Uxbridge and South Ruislip",3600193,1187
"Bob Seely","@IoWBobSeely","Conservative","Isle of Wight",12918,0
"Bob Blackman ","@BobBlackman","Conservative","Harrow East",25269,-1
"Bim Afolami","@BimAfolami","Conservative","Hitchin and Harpenden",14180,11
"Bill Esterson ","@Bill_Esterson","Labour","Sefton Central",32815,-5
"Beth Winter","@BethWinterMP","Labour","Cynon Valley",9365,10
"Bernard Jenkin ","@bernardjenkin","Conservative","Harwich and North Essex",36361,-3
"Ben Wallace ","@BWallaceMP","Conservative","Wyre and Preston North",23838,48
"Ben Spencer","@DrBenSpencer","Conservative","Runnymede and Weybridge",4708,10
"Ben Lake","@BenMLake","Plaid Cymru","Ceredigion",8182,2
"Ben Everitt","@Ben_Everitt","Conservative","Milton Keynes North",7478,7
"Ben Bradshaw ","@BenPBradshaw","Labour","Exeter",71859,1
"Ben Bradley","@BBradley_Mans","Conservative","Mansfield",33139,1
"Bell Ribeiro-Addy","@BellRibeiroAddy","Labour","Streatham",53565,31
"Barry Sheerman ","@BarrySheerman","Labour","Huddersfield",22492,-6
"Barry Gardiner ","@BarryGardiner","Labour","Brent North",91714,54
"Barbara Keeley ","@KeeleyMP","Labour","Worsley and Eccles South",26357,4
"Bambos Charalambous","@Bambos_MP","Labour","Enfield, Southgate",10171,4
"Apsana Begum","@ApsanaBegumMP","Labour","Poplar and Limehouse",28896,21
"Antony Higginbotham","@antony_hig","Conservative","Burnley",3575,2
"Anthony Mangnall","@AnthonyMangnal1","Conservative","Totnes",5519,5
"Anthony Browne","@ab4scambs","Conservative","South Cambridgeshire",4291,5
"Anneliese Dodds","@AnnelieseDodds","Labour","Oxford East",63954,22
"Anne-Marie Trevelyan ","@annietrev","Conservative","Berwick-upon-Tweed",23897,7
"Anne McLaughlin ","@AnneMcLaughlin","Scottish National Party","Glasgow North East",13604,0
"Anne Marie Morris ","@AnneMarieMorris","Conservative","Newton Abbot",20889,-1
"Anna McMorrin","@AnnaMcMorrin","Labour","Cardiff North",16419,2
"Angus MacNeil ","@AngusMacNeilSNP","Scottish National Party","Na h-Eileanan an Iar",41487,30
"Angela Richardson","@AJRichardsonMP","Conservative","Guildford",7812,249
"Angela Rayner ","@AngelaRayner","Labour","Ashton-under-Lyne",293485,230
"Angela Eagle ","@angelaeagle","Labour","Wallasey",75308,1
"Andy Slaughter ","@hammersmithandy","Labour","Hammersmith",25596,4
"Andy McDonald ","@AndyMcDonaldMP","Labour","Middlesbrough",43176,-2
"Andy Carter","@MrAndy_Carter","Conservative","Warrington South",5275,5
"Andrew Stephenson ","@Andrew4Pendle","Conservative","Pendle",24754,-3
"Andrew Selous ","@AndrewSelous","Conservative","South West Bedfordshire",20653,1
"Andrew Rosindell ","@AndrewRosindell","Conservative","Romford",21413,-6
"Andrew Lewer","@ALewerMBE","Conservative","Northampton South",4799,0
"Andrew Jones","@AJonesMP","Conservative","Harrogate and Knaresborough",15687,-1
"Andrew Gwynne ","@GwynneMP","Labour","Denton and Reddish",49312,1
"Andrew Griffith","@griffitha","Conservative","Arundel and South Downs",4404,7
"Andrew Bridgen ","@ABridgen","Conservative","North West Leicestershire",37411,-5
"Andrew Bowie","@AndrewBowie_MP","Conservative","West Aberdeenshire and Kincardine",17288,19
"Andrea Leadsom ","@andrealeadsom","Conservative","South Northamptonshire",123028,-1
"Andrea Jenkyns ","@andreajenkyns","Conservative","Morley and Outwood",61440,7
"Amy Callaghan","@AmyCallaghanSNP","Scottish National Party","East Dunbartonshire",14520,5
"Amanda Solloway ","@ASollowayUK","Conservative","Derby North",5511,5
"Amanda Milling ","@amandamilling","Conservative","Cannock Chase",17310,17
"Alyn Smith","@AlynSmith","Scottish National Party","Stirling",45777,-5
"Alun Cairns ","@AlunCairns","Conservative","Vale of Glamorgan",13889,3
"Alok Sharma ","@AlokSharma_RDG","Conservative","Reading West",55402,84
"Alistair Carmichael","@amcarmichaelMP","Liberal Democrat","Orkney and Shetland",22493,23
"Alison Thewliss ","@alisonthewliss","Scottish National Party","Glasgow Central",29986,0
"Alison McGovern ","@Alison_McGovern","Labour","Wirral South",54625,31
"Alicia Kearns","@aliciakearns","Conservative","Rutland and Melton",14694,6
"Alexander Stafford","@Alex_Stafford","Conservative","Rother Valley",5807,5
"Alex Sobel","@alexsobel","Labour","Leeds North West",23902,5
"Alex Norris","@AlexNorrisNN","Labour","Nottingham North",7553,0
"Alex Davies-Jones","@AlexDaviesJones","Labour","Pontypridd",8288,9
"Alex Cunningham ","@ACunninghamMP","Labour","Stockton North",21543,-2
"Alex Chalk ","@AlexChalkChelt","Conservative","Cheltenham",13247,26
"Alex Burghart","@alexburghart","Conservative","Brentwood and Ongar",4338,1
"Alec Shelbrooke ","@AlecShelbrooke","Conservative","Elmet and Rothwell",15878,-7
"Alberto Costa ","@AlbertoCostaMP","Conservative","South Leicestershire",10490,-1
"Alan Mak ","@AlanMakMP","Conservative","Havant",10020,-2
"Alan Campbell ","@alancampbellmp","Labour","Tynemouth",6535,0
"Alan Brown ","@AlanBrownSNP","Scottish National Party","Kilmarnock and Loudoun",12325,2
"Afzal Khan","@Afzal4Gorton","Labour","Manchester, Gorton",29213,12
"Adam Afriyie ","@AdamAfriyie","Conservative","Windsor",16359,-2
"Abena Oppong-Asare","@abenaopp","Labour","Erith and Thamesmead",16210,6
"Aaron Bell","@AaronBell4NUL","Conservative","Newcastle-under-Lyme",4990,0